user_id,chapter_id,duration_min,pause_count,seek_count,quiz_score
50000,ch1,44.6,14,15,38
50001,ch4,23.8,12,12,34
50002,ch4,82.8,12,17,52
50003,ch3,41.8,10,8,59
50004,ch3,86.5,9,20,38
50005,ch4,28.9,7,1,45
50006,ch4,11.1,14,13,44
50007,ch3,85.8,4,20,50
50008,ch3,41.5,15,6,55
50009,ch3,69.2,4,2,67
50010,ch4,88.3,7,1,61
50011,ch2,70.5,14,16,55
50012,ch1,14.4,4,20,56
50013,ch3,36.1,1,10,91
50014,ch3,15.4,3,3,81
50015,ch1,17.5,3,19,62
50016,ch2,31.7,10,7,41
50017,ch1,24.5,5,13,67
50018,ch3,26.6,9,0,62
50019,ch3,34.7,11,7,56
50020,ch1,47.0,11,1,52
50021,ch3,70.7,11,6,51
50022,ch4,31.5,3,3,74
50023,ch3,22.9,8,6,60
50024,ch1,22.9,13,7,45
50025,ch3,18.8,10,0,52
50026,ch2,39.4,7,18,70
50027,ch1,23.3,3,13,38
50028,ch4,83.9,13,20,36
50029,ch1,13.7,9,3,72
50030,ch4,19.1,8,2,70
50031,ch3,12.6,8,17,53
50032,ch4,13.5,3,20,66
50033,ch2,88.0,13,5,54
50034,ch4,25.5,0,10,51
50035,ch4,27.7,12,6,51
50036,ch1,66.8,6,16,41
50037,ch2,79.0,1,3,50
50038,ch3,15.5,7,2,59
50039,ch2,59.9,13,6,51
50040,ch1,62.6,11,10,44
50041,ch2,55.6,15,6,22
50042,ch1,54.9,4,18,56
50043,ch4,79.3,12,9,69
50044,ch3,84.4,11,5,40
50045,ch1,80.3,6,0,77
50046,ch4,49.9,9,1,47
50047,ch1,88.6,8,17,39
50048,ch1,13.7,1,0,67
50049,ch4,63.0,4,11,66
50050,ch2,42.2,4,14,48
50051,ch3,58.4,5,15,69
50052,ch4,80.2,7,12,58
50053,ch3,70.9,12,18,37
50054,ch1,82.6,14,18,40
50055,ch2,24.5,0,11,58
50056,ch1,16.4,4,19,46
50057,ch3,12.4,14,5,46
50058,ch4,40.2,0,19,48
50059,ch4,50.6,2,6,53
50060,ch4,84.4,1,18,35
50061,ch2,39.9,7,14,46
50062,ch3,42.7,0,1,62
50063,ch3,30.5,6,3,56
50064,ch3,55.0,12,16,33
50065,ch4,39.9,15,6,49
50066,ch1,33.9,11,12,47
50067,ch3,49.0,0,6,56
50068,ch3,89.7,5,18,37
50069,ch2,29.9,15,16,37
50070,ch3,56.8,1,4,69
50071,ch1,17.1,6,1,66
50072,ch2,64.5,6,3,61
50073,ch4,39.7,11,14,34
50074,ch1,37.1,10,4,49
50075,ch2,14.1,3,2,65
50076,ch3,23.0,7,16,54
50077,ch2,30.9,15,14,55
50078,ch2,64.9,8,12,60
50079,ch3,36.5,8,8,52
50080,ch2,86.7,12,11,58
50081,ch2,16.6,15,1,53
50082,ch3,10.3,15,16,19
50083,ch3,49.4,7,20,39
50084,ch1,20.3,4,11,54
50085,ch4,31.4,15,7,42
50086,ch3,27.6,10,17,45
50087,ch2,33.5,9,6,57
50088,ch1,40.9,6,12,43
50089,ch3,67.3,0,6,80
50090,ch3,84.3,14,15,54
50091,ch3,53.6,5,3,56
50092,ch2,88.3,3,12,51
50093,ch1,83.2,9,11,60
50094,ch4,75.5,4,18,55
50095,ch4,87.6,13,0,69
50096,ch1,18.1,8,17,53
50097,ch4,15.1,8,0,57
50098,ch2,65.5,9,18,41
50099,ch1,68.9,9,14,56
50100,ch4,10.7,12,16,37
50101,ch4,74.3,4,19,42
50102,ch3,45.4,2,7,62
50103,ch4,55.1,7,15,47
50104,ch2,32.0,1,12,60
50105,ch2,43.4,11,10,45
50106,ch1,49.4,3,1,58
50107,ch1,75.0,12,6,48
50108,ch1,84.3,7,7,60
50109,ch1,79.2,14,6,48
50110,ch1,21.2,7,13,57
50111,ch1,21.1,14,2,31
50112,ch4,34.3,6,15,60
50113,ch2,86.2,11,10,53
50114,ch1,27.6,14,14,42
50115,ch4,21.1,3,18,63
50116,ch3,73.9,12,19,43
50117,ch4,55.0,0,19,57
50118,ch2,81.3,2,17,50
50119,ch4,65.6,2,15,59
50120,ch4,81.2,1,20,51
50121,ch3,16.9,6,5,58
50122,ch2,68.6,5,11,61
50123,ch2,64.9,9,1,77
50124,ch3,16.4,0,7,67
50125,ch2,65.7,0,7,73
50126,ch4,21.0,1,5,65
50127,ch3,30.1,9,6,58
50128,ch1,74.6,5,2,67
50129,ch1,51.1,1,15,65
50130,ch2,60.8,7,19,38
50131,ch2,88.9,9,14,58
50132,ch1,52.3,5,19,55
50133,ch3,31.8,5,11,68
50134,ch2,20.9,3,5,59
50135,ch1,40.8,14,18,43
50136,ch4,23.9,8,12,50
50137,ch1,46.5,5,8,82
50138,ch1,26.2,1,4,66
50139,ch2,57.5,2,0,69
50140,ch3,19.9,3,18,35
50141,ch2,32.1,4,5,68
50142,ch1,41.5,7,10,66
50143,ch1,15.8,12,2,54
50144,ch3,84.0,3,20,30
50145,ch2,36.0,1,7,62
50146,ch3,14.6,0,7,54
50147,ch1,73.8,4,2,57
50148,ch2,71.3,14,15,50
50149,ch2,39.9,5,10,62
50150,ch4,25.0,4,6,44
50151,ch2,35.7,13,2,65
50152,ch4,31.1,9,16,41
50153,ch3,74.7,3,7,63
50154,ch1,53.4,15,11,44
50155,ch3,12.8,10,11,44
50156,ch3,22.1,7,15,48
50157,ch1,61.1,13,17,38
50158,ch3,73.7,3,3,72
50159,ch2,88.6,2,18,51
50160,ch1,83.0,8,1,64
50161,ch3,76.6,13,19,38
50162,ch3,40.4,3,16,50
50163,ch4,18.8,0,17,44
50164,ch4,24.4,7,1,51
50165,ch4,21.8,1,19,55
50166,ch4,20.1,5,0,55
50167,ch4,25.7,14,10,49
50168,ch2,85.9,6,18,24
50169,ch1,47.4,1,14,40
50170,ch3,60.7,12,11,54
50171,ch3,80.9,15,7,61
50172,ch3,56.0,9,4,62
50173,ch4,49.0,10,0,59
50174,ch4,48.3,12,20,44
50175,ch4,50.9,4,8,38
50176,ch1,56.3,5,2,64
50177,ch2,13.6,3,1,53
50178,ch4,54.6,11,1,41
50179,ch3,41.1,9,2,65
50180,ch2,33.0,4,11,33
50181,ch2,19.3,2,20,47
50182,ch4,84.8,12,15,40
50183,ch2,43.2,12,15,30
50184,ch4,87.6,9,0,55
50185,ch2,71.3,7,0,67
50186,ch3,15.0,10,6,62
50187,ch3,74.5,13,8,45
50188,ch1,44.2,11,15,44
50189,ch4,39.8,4,16,60
50190,ch1,62.1,3,17,42
50191,ch3,13.6,4,18,51
50192,ch3,55.4,10,0,62
50193,ch2,14.1,13,19,31
50194,ch4,69.8,2,4,52
50195,ch3,25.3,5,7,48
50196,ch1,44.3,11,20,52
50197,ch4,42.4,12,17,42
50198,ch3,24.5,7,18,47
50199,ch4,59.5,12,17,45
50200,ch3,41.0,10,13,33
50201,ch2,68.7,10,18,46
50202,ch2,74.5,0,2,80
50203,ch2,88.2,13,5,48
50204,ch1,67.5,0,20,53
50205,ch4,33.0,4,19,37
50206,ch2,81.6,0,2,79
50207,ch1,37.7,14,2,26
50208,ch2,13.6,4,7,57
50209,ch2,36.9,13,12,37
50210,ch3,79.6,11,0,64
50211,ch1,85.0,3,15,58
50212,ch1,64.4,12,8,48
50213,ch3,78.5,9,10,72
50214,ch2,24.5,15,15,45
50215,ch1,87.2,14,2,56
50216,ch3,34.2,14,11,74
50217,ch3,49.2,6,1,49
50218,ch3,53.6,2,18,52
50219,ch4,67.6,5,14,39
50220,ch4,19.9,7,3,65
50221,ch2,42.4,14,6,58
50222,ch3,26.3,9,9,47
50223,ch3,46.5,2,18,56
50224,ch2,81.3,5,20,28
50225,ch2,10.2,8,16,29
50226,ch4,11.8,9,6,66
50227,ch1,65.4,6,1,67
50228,ch1,19.9,14,20,38
50229,ch3,74.9,0,0,67
50230,ch3,33.3,5,18,50
50231,ch2,44.4,15,16,41
50232,ch4,57.8,14,17,44
50233,ch4,20.6,5,2,55
50234,ch1,69.3,3,6,63
50235,ch4,18.0,8,13,59
50236,ch1,43.8,10,16,39
50237,ch3,55.7,5,15,46
50238,ch2,48.3,7,12,30
50239,ch3,15.4,3,13,69
50240,ch4,73.4,11,9,53
50241,ch1,16.7,7,7,60
50242,ch4,36.2,11,1,67
50243,ch2,61.8,14,8,57
50244,ch1,47.5,4,2,55
50245,ch4,15.8,4,4,67
50246,ch1,32.2,5,1,56
50247,ch1,68.1,7,20,34
50248,ch3,59.1,7,13,56
50249,ch3,23.5,6,20,54
50250,ch4,54.4,10,20,34
50251,ch4,58.9,2,2,57
50252,ch4,43.4,8,0,61
50253,ch4,89.9,11,19,44
50254,ch1,16.8,7,20,39
50255,ch1,16.8,13,20,39
50256,ch1,10.3,14,20,30
50257,ch4,73.7,8,8,57
50258,ch1,12.1,14,17,46
50259,ch3,19.5,4,13,58
50260,ch3,66.1,2,1,51
50261,ch2,41.0,6,7,50
50262,ch4,26.9,10,1,63
50263,ch4,37.3,14,8,45
50264,ch1,88.0,11,11,49
50265,ch3,85.6,8,4,48
50266,ch1,66.9,8,0,55
50267,ch1,84.4,13,11,29
50268,ch4,65.3,15,14,46
50269,ch1,17.7,2,2,82
50270,ch4,42.7,1,4,60
50271,ch2,18.3,9,5,47
50272,ch1,68.5,3,5,56
50273,ch4,22.9,3,18,60
50274,ch3,21.3,1,7,59
50275,ch3,77.8,15,5,63
50276,ch1,76.1,8,12,51
50277,ch3,66.6,3,4,64
50278,ch2,35.1,10,0,62
50279,ch4,21.1,6,2,71
50280,ch2,14.1,12,7,45
50281,ch4,12.9,1,19,68
50282,ch3,37.9,13,3,29
50283,ch3,29.3,13,0,65
50284,ch3,84.9,10,13,45
50285,ch4,26.9,14,9,44
50286,ch2,74.1,0,15,56
50287,ch1,70.0,8,20,31
50288,ch1,24.2,4,17,44
50289,ch2,70.0,10,13,47
50290,ch3,45.0,3,10,71
50291,ch1,73.0,3,4,75
50292,ch2,84.2,0,4,53
50293,ch1,39.1,3,2,69
50294,ch2,61.4,5,7,42
50295,ch2,89.8,15,5,46
50296,ch3,54.1,12,16,39
50297,ch3,78.4,15,20,33
50298,ch3,21.5,1,9,84
50299,ch1,66.1,11,17,32
